entity,relation,doc,keywordList
商业银行流动性风险管理办法,第一章,总则,
商业银行流动性风险管理办法,第一条,为加强商业银行流动性风险管理，维护银行体系安全稳健运行，根据《中华人民共和国银行业监督管理法》《中华人民共和国商业银行法》《中华人民共和国外资银行管理条例》等法律法规，制定本办法。,商业银行;中华人民共和国银行业监督管理法;法律法规;中华人民共和国外资银行管理条例;中华人民共和国商业银行法
商业银行流动性风险管理办法,第二条,本办法适用于在中华人民共和国境内依法设立的商业银行。,中华人民共和国;商业银行;依法;设立;办法
商业银行流动性风险管理办法,第三条,本办法所称流动性风险，是指商业银行无法以合理成本及时获得充足资金，用于偿付到期债务、履行其他支付义务和满足正常业务开展的其他资金需求的风险。,商业银行;流动性风险;资金;业务;无法
商业银行流动性风险管理办法,第四条,商业银行应当按照本办法建立健全流动性风险管理体系，对法人和集团层面、各附属机构、各分支机构、各业务条线的流动性风险进行有效识别、计量、监测和控制，确保其流动性需求能够及时以合理成本得到满足。,风险管理体系;流动性;附属机构;分支机构;集团
商业银行流动性风险管理办法,第五条,银行业监督管理机构依法对商业银行的流动性风险及其管理体系实施监督管理。,管理体系;监督管理;流动性风险;商业银行;银行业监督管理
商业银行流动性风险管理办法,第二章,流动性风险管理,
商业银行流动性风险管理办法,第六条,商业银行应当在法人和集团层面建立与其业务规模、性质和复杂程度相适应的流动性风险管理体系。流动性风险管理体系应当包括以下基本要素：(一)有效的流动性风险管理治理结构；(二)完善的流动性风险管理策略、政策和程序；(三)有效的流动性风险识别、计量、监测和控制；(四)完备的管理信息系统。,风险管理体系;流动性风险;商业银行;应当;管理信息系统
商业银行流动性风险管理办法,第一节,流动性风险管理治理结构,流动性风险;管理;治理;结构
商业银行流动性风险管理办法,第七条,商业银行应当建立有效的流动性风险管理治理结构，明确董事会及其专门委员会、监事会(监事)、高级管理层以及相关部门在流动性风险管理中的职责和报告路线，建立适当的考核和问责机制。,监事会;流动性风险;商业银行;委员会;有效的
商业银行流动性风险管理办法,第八条,商业银行董事会应当承担流动性风险管理的最终责任，履行以下职责：(一)审核批准流动性风险偏好、流动性风险管理策略、重要的政策和程序，流动性风险偏好应当至少每年审议一次；(二)监督高级管理层对流动性风险实施有效管理和控制；(三)持续关注流动性风险状况，定期获得流动性风险报告，及时了解流动性风险水平、管理状况及其重大变化；(四)审批流动性风险信息披露内容，确保披露信息的真实性和准确性；(五)其他有关职责。董事会可以授权其下设的专门委员会履行部分职责。,董事会;风险偏好;流动性;流动性风险;商业银行
商业银行流动性风险管理办法,第九条,商业银行高级管理层应当履行以下职责：(一)制定、定期评估并监督执行流动性风险偏好、流动性风险管理策略、政策和程序；(二)确定流动性风险管理组织架构，明确各部门职责分工，确保商业银行具有足够的资源，独立、有效地开展流动性风险管理工作；(三)确保流动性风险偏好、流动性风险管理策略、政策和程序在商业银行内部得到有效沟通和传达；(四)建立完备的管理信息系统，支持流动性风险的识别、计量、监测和控制；(五)充分了解并定期评估流动性风险水平及管理状况，及时了解流动性风险的重大变化，并向董事会定期报告；(六)其他有关职责。,商业银行;管理信息系统;管理组织;管理工作;管理状况;管理策略;风险偏好;定期;流动性;管理层
商业银行流动性风险管理办法,第十条,商业银行应当指定专门部门负责流动性风险管理，其流动性风险管理职能应当与业务经营职能保持相对独立，并且具备履行流动性风险管理职能所需要的人力、物力资源。商业银行负责流动性风险管理的部门应当具备以下职能：(一)拟定流动性风险管理策略、政策和程序，提交高级管理层和董事会审核批准；(二)识别、计量和监测流动性风险，包括持续监控优质流动性资产状况，监测流动性风险限额遵守情况并及时报告超限额情况，组织开展流动性风险压力测试，组织流动性风险应急计划的测试和评估；(三)识别、评估新产品、新业务和新机构中所包含的流动性风险，审核相关操作和风险管理程序；(四)定期提交独立的流动性风险报告，及时向高级管理层和董事会报告流动性风险水平、管理状况及其重大变化；(五)拟定流动性风险信息披露内容，提交高级管理层和董事会审批；(六)其他有关职责。,董事会;管理策略;管理程序;管理状况;管理层;管理职能;管理的;商业银行;相对独立;流动性风险
商业银行流动性风险管理办法,第十一条,商业银行应当在内部定价以及考核激励等相关制度中充分考虑流动性风险因素，在考核分支机构或主要业务条线经风险调整的收益时应当考虑流动性风险成本，防止因过度追求业务扩张和短期利润而放松流动性风险管理。,充分考虑;分支机构;流动性风险;商业银行;考核
商业银行流动性风险管理办法,第十二条,商业银行监事会(监事)应当对董事会和高级管理层在流动性风险管理中的履职情况进行监督评价，至少每年向股东大会(股东)报告一次。,监事会;董事会;股东大会;商业银行;管理层
商业银行流动性风险管理办法,第十三条,商业银行应当按照银行业监督管理机构关于内部控制有关要求，建立完善的流动性风险管理内部控制体系，作为银行整体内部控制体系的有机组成部分。,银行业监督管理;流动性风险;组成部分;商业银行;内部控制
商业银行流动性风险管理办法,第十四条,商业银行应当将流动性风险管理纳入内部审计范畴，定期审查和评价流动性风险管理的充分性和有效性。内部审计应当涵盖流动性风险管理的所有环节，包括但不限于：(一)流动性风险管理治理结构、策略、政策和程序能否确保有效识别、计量、监测和控制流动性风险；(二)流动性风险管理政策和程序是否得到有效执行；(三)现金流分析和压力测试的各项假设条件是否合理；(四)流动性风险限额管理是否有效；(五)流动性风险管理信息系统是否完备；(六)流动性风险报告是否准确、及时、全面。,商业银行;有效性;内部审计;是否;流动性风险
商业银行流动性风险管理办法,第十五条,流动性风险管理的内部审计报告应当提交董事会和监事会。董事会应当针对内部审计发现的问题，督促高级管理层及时采取整改措施。内部审计部门应当跟踪检查整改措施的实施情况，并及时向董事会提交有关报告。商业银行境外分支机构或附属机构采用相对独立的本地流动性风险管理模式的，应当对其流动性风险管理单独进行审计。,整改措施;内部审计部门;董事会;流动性风险;监事会
商业银行流动性风险管理办法,第二节,流动性风险管理策略、政策和程序,管理策略;流动性风险;政策;程序
商业银行流动性风险管理办法,第十六条,商业银行应当根据经营战略、业务特点、财务实力、融资能力、总体风险偏好及市场影响力等因素确定流动性风险偏好。商业银行的流动性风险偏好应当明确其在正常和压力情景下愿意并能够承受的流动性风险水平。,流动性;风险偏好;业务特点;商业银行;经营战略
商业银行流动性风险管理办法,第十七条,商业银行应当根据流动性风险偏好制定书面的流动性风险管理策略、政策和程序。流动性风险管理策略、政策和程序应当涵盖表内外各项业务以及境内外所有可能对流动性风险产生重大影响的业务部门、分支机构和附属机构，并包括正常和压力情景下的流动性风险管理。,业务部门;分支机构;流动性风险;管理策略;商业银行
商业银行流动性风险管理办法,第十八条,商业银行的流动性风险管理策略应当明确流动性风险管理的总体目标、管理模式以及主要政策和程序。流动性风险管理政策和程序包括但不限于：(一)流动性风险识别、计量和监测，包括现金流测算和分析；(二)流动性风险限额管理；(三)融资管理；(四)日间流动性风险管理；(五)压力测试；(六)应急计划；(七)优质流动性资产管理；(八)跨机构、跨境以及重要币种的流动性风险管理；(九)对影响流动性风险的潜在因素以及其他类别风险对流动性风险的影响进行持续监测和分析。,管理策略;总体目标;管理模式;流动性风险;管理
商业银行流动性风险管理办法,第十九条,商业银行在开办新产品、新业务和设立新机构之前，应当在可行性研究中充分评估可能对流动性风险产生的影响，完善相应的风险管理政策和程序，并经负责流动性风险管理的部门审核同意。,风险管理;可行性研究;流动性风险;商业银行;管理的
货币计量,定义,货币计量（MonetaryMeasurement）是指会计主体在会计核算过程中采用货币作为计量单位，记录、反映会计主体的经营情况。,计量单位;会计核算;会计主体;货币计量;采用
货币计量假设,定义,货币计量假设是指当会计为持续经营的会计主体进行核算时，是以采用币值稳定的货币来综合计量为前提的。但是货币计量假设并不表示货币是会计核算中唯一的计量单位。在有些情况下，统一采用货币计量也有缺陷,会计主体;币值稳定;货币计量假设;计量单位;货币
货币形式,定义,货币形式亦称“货币价值形式”。它是固定地由充当一般等价物的特殊商品来表现其他所有商品价值的价值形式，这是价值形式发展的第四阶段，也是最高阶段。与一般价值形式相比，它的进步在于原来作为一般等价物的特殊商品是不固定的，因时因地而异，每一交换区域都有几种不同的商品交替地充当一般等价物。由于商品经济的进一步发展，一般等价物最终固定在某种特殊商品上，并且最后固定在黄金身上,价值形式;货币形式;第四阶段;固定的;商品
货币性资产,定义,货币性资产，指持有的现金及将以固定或可确定金额的货币收取的资产，包括现金、应收账款和应收票据以及准备持有至到期的债券投资等。这里的现金包括库存现金、银行存款和其他货币资金。,其他货币资金;银行存款;库存现金;应收账款;货币性资产
货币政策,定义,货币政策也就是金融政策，是指中国人民银行为实现其特定的经济目标而采用的各种控制和调节货币供应量和信用量的方针、政策和措施的总称。货币政策的实质是国家对货币的供应根据不同时期的经济发展情况而采取“紧”、“松”或“适度”等不同的政策趋向。运用各种工具调节货币供应量来调节市场利率，通过市场利率的变化来影响民间的资本投资，影响总需求来影响宏观经济运行的各种方针措施。调节总需求的货币政策的三大工具为法定准备金率，公开市场业务和贴现政策,市场利率;货币供应量;金融政策;货币政策;影响
货币资金,定义,货币资金(Money)是指存在于货币形态的资金，包括现金、银行存款和其他货币资金。货币资金是企业资金运动的起点和终点，是企业生产经营的先决条件。随着再生产过程的进行，会形成频繁的货币收支。企业在取得现金投资、接受现金捐赠、取得银行借款、销售产品后取得货款收入等，会形成货币资金的收入在购买材料、支付工资支付其他费用、归还借款以及上交税金等，会形成货币支出。日常经济往来中，货币资金的应收应付与实收实付之间往往存在着时间间隔，这就形成了往来结算核算。货币形态表现的资金。货币资金是指可以立即投入流通，用以购买商品或劳务，或用以偿还债务的交换媒介。是资产负债表的一个流动资产项目，包括库存现金、银行存款和其他货币资金三个总账账户的期末余额，具有专门用途的货币资金不包括在内。货币资金是指在企业生产经营过程中处于货币形态的那部分资金，按其形态和用途不同可分为包括库存现金、银行存款和其他货币资金。它,货币形态表现的资金;其他费用;先决条件;企业生产经营;银行借款;其他货币资金;库存现金;取得;货币;银行存款
货币资金,定义,货币形态表现的资金。货币资金是指可以立即投入流通，用以购买商品或劳务，或用以偿还债务的交换媒介。 是资产负债表的一个流动资产项目，包括库存现金、银行存款和其他货币资金三个总账账户的期末余额，具有专门用途的货币资金不包括在内。货币资金是指在企业生产经营过程中处于货币形态的那部分资金，按其形态和用途不同可分为包括库存现金、银行存款和其他货币资金。它是企业中最活跃的资金，流动性强，是企业的重要支付手段和流通手段，因而是流动资产的审查重点。其他货币资金包括外埠存款、银行汇票存款、银行本票存款、信用证保证金存款、信用卡存款、存出投资款等。|||商业企业在经营过程中，大量的经济活动都是通过货币资金的收支来进行的。例如：商品的购进、销售，工资的发放，税金的交纳，股利、利息的支付以及进行投资活动等事项，都需要通过货币资金进行收付结算。同时，一个企业货币资金拥有量的多少，标志着它偿债能力和支付能力的大小，是投资者分析、判断财务状况的重要指标，在企业资金循环周转过程中起着连接和纽带的作用。因此，商业企业需要经常保持一定数量的货币资金，既要防止不合理地占压资金，又要保证业务经营的正常需要，并按照货币资金管理的有关规定，对各种收付款项进行结算。,信用证保证金存款;货币形态表现的资金;银行汇票存款;流通手段;信用卡存款;资金;进行;流动资产;库存现金;银行存款;其他货币资金;期末余额;流动性;因而是;审查重点
货币资金审计,定义,货币资金审计是指对企业的现金、银行存款和其他货币资金收付业务及其结存情况的真实性、正确性和合法性所进行的审计。加强货币资金审计，评审货币资金内部控制制度的健全性和有效性，审查货币资金结存数额的真实性和货币资金收付业务的合法性，对于保护货币资金的安全完整，揭示违法犯罪行为，维护财经法纪，以及如实反映被审计单位的即期偿债能力等，都具有十分重要的意义。,货币资金收付业务;货币资金审计;真实性;审计;货币资金内部控制
基本建设,定义,基本建设是指国民经济各部门为发展生产面进行的固定资产的扩大再生产，即国民经济各部门为增加固定资产面进行的建筑、购置和安装工作的总称，例如公路、铁路、桥梁和各类工业及民用建筑等工程的新建，改建、扩建、恢复工程，以及机器设备、车辆船舶的购置安装及与之有关的工作,扩大再生产;机器设备;固定资产;国民经济;部门
基本建设拨款额,定义,基本建设拨款额是国家预算拨款的建设项目，为完成年度基建计划工作量和新增为以后储备所需拨付的资金数额，是建设银行对建设单位办理拨款的最高限额。基本建设拨款额按其构成可分为：建筑安装工程拨款、设备拨款和其它基本建设拨款。确定年度基本建设拨款额，实质上是为了充分利用现有库存物资，从而节约有效地利用建设资金。基本建设拨款额是根据建设单位当年基本建设计划投资额，结合动员内部资源和为以后年度储备需要而确定的。,建设项目;建设单位;基本建设拨款额;拨款;最高限额
基本建设收入,定义,基本建设收入是建设单位在基本建设过程中发生的各项副产品收入。如煤矿、矿山建设中的矿产品收入油田钻井建设中的原油收入，森工建设中的路影材收入，电站建设移交生产前的电费收入，铁路监管期间的运营净收入，负荷试车纯收入等。对基本建设收入和使用应严格管理1)积极组织各项副产品的回收，认真核实收入额，加强核算，为国家积累资金2)实行投资借款的建设单位，应按规定比例用于偿还投资借款，实行基建拨款的建设单位按规定比例和国家分成，一部分上缴财政，一部分留给主管部门和建设单位3)建设单位留成的收入，应按规定使用，不得用于计划外工程和修建楼、堂、馆、所。建设单位会计中，应设置“应交基建收入”帐户核算。贷方登记发生的各项基本建设收入，借方登记上交财政和留用的基本建设收入，余额表示应交未交的基本建设收入,基建收入;严格管理;净收入;积累资金;收入;基本建设收入;收入额;按规定;建设单位;建设
基本建设收入,定义,基本建设收入指建设单位在基本建设过程中所取得的各项副产品收入。主要有煤矿、矿山建设中的矿产品收入；油田钻井建设中的原油收入；电站建设中移交生产前的电费收入；森工建设中的路影材收入；铁路监管期间的运营净收入；水利建设中移交生产前的水费收入：为检验设备安装质量进行负荷试车的纯收入等。|||基本建设收入是一项国家财富，必须加以充分利用。为了发挥建设单位利用这项资源的积极性，为国家积累资金，国家规定基建收入一部分上交财政，一部分留给建设单位及其主管部门。,收入;基本建设收入;原油收入;净收入;建设
基本建设投资额,定义,基本建设投资额是以货币反映的国家基本建设工作总量，是反映计划期内基本建设规模、速度和比例关系的综合性指标。年度基本建设投资额，除包括当年财政拨款外，还包括国内银行贷款、利用外资、自筹资金和其他专项资金所形成的基本建设工作量以及动用库存材料、设备等内部资源所完成的工作量。,国内银行贷款;基本建设投资额;工作量;基本建设;反映
基本建设支出,定义,按国家有关规定，基本建设支出属于基本建设范围内的基本建设有偿使用、拨款、资本金支出以及经国家批准对专项和政策性基建投资贷款，在部门的基建投资额中统筹支付的贴息支出,国家有关;基本建设支出;资本金;贴息支出;基本建设
基本养老保险基金支出,定义,基本养老保险基金支出指的是基本养老保险基金开支的各项支出，具体分为基本养老保险待遇支出。该项基金的支出范围为离退休、退职人员个人待遇。,养老保险基金;养老保险待遇;支出范围;基本养老保险基金支出;基本
基本医疗保险,定义,基本医疗保险是为补偿劳动者因疾病风险造成的经济损失而建立的一项社会保险制度。通过用人单位和个人缴费，建立医疗保险基金，参保人员患病就诊发生医疗费用后，由医疗保险经办机构给予一定的经济补偿，以避免或减轻劳动者因患病、治疗等所带来的经济风险。基本医疗保险是社会保险制度中最重要的险种之一，它与基本养老保险、工伤保险、失业保险、生育保险等共同构成现代社会保险制度016日，企业职工基本养老保险单位缴费比例超0%的省（区、市），将单位缴费比例降0%；单位缴费比例为20%015年底企业职工基本养老保险基金累计结余可支付月数高于9个月的省（区、市），可以阶段性将单位缴费比例降低9%，降低费率的期限暂按两年执行。具体方案由各省（区、市）确定,养老保险;医疗保险基金;工伤保险;失业保险;职工基本;劳动者;基本医疗保险;个人缴费;社会保险;养老保险基金
基本支出,定义,基本支出指是生活的基本支出，例如衣食住行。这也是人类最基本的行为。是按照定员定额进行测算,衣食住行;基本支出;基本的;生活的;进行
基层决策,定义,基层决策是指乡、镇一级国家行政机关根据法律规定在职权范围内所作的决策,职权范围;内所;国家行政机关;法律规定;内所作
基层民主制度,定义,基层民主制度主要是指我国的基层群众性自治制度，是指基层群众性自治组织形式及其运作方式，它是基层群众性自治组织自我教育、自我管理、自我服务、自我监督的方式、方法、程序的总和，是人民参与管理国家事务和社会事务的一种形式，是社会主义民主制度的一个重要方面,组织形式;基层民主制度;自我管理;群众性;方式
基础设施建设,定义,基础设施主要包括交通运输，机场，港口，桥梁，通讯，水利及城市供排水供气，供电设施和提供无形产品或服务于科教文卫等部门所需的固定资产，它是一切企业，单位和居民生产经营工作和生活的共同的物质基础，是城市主体设施正常运行的保证，既是物质生产的重要条件也是劳动力再生产的重要条件,基础设施;固定资产;物质基础;设施;供排水
基金,定义,基金（Fund）从广义上说，基金是指为了某种目的而设立的具有一定数量的资金。主要包括信托投资基金、公积金、保险基金、退休基金，各种基金会的基金。从会计角度透析，基金是一个狭义的概念，意指具有特定目的和用途的资金。我们现在提到的基金主要是指证券投资基金,证券投资基金;保险基金;退休基金;基金;具有
基准利率,定义,基准利率是金融市场上具有普遍参照作用的利率，其他利率水平或金融资产价格均可根据这一基准利率水平来确定。基准利率是利率市场化的重要前提之一，在利率市场化条件下，融资者衡量融资成本，投资者计算投资收益，以及管理层对宏观经济的调控，客观上都要求有一个普遍公认的基准利率水平作参考。所以，从某种意义上讲，基准利率是利率市场化机制形成的核心。其中，以同业拆借利率为基准利率的国家有英国的伦敦同业拆放利Libor)、美国的美国联邦基准利率(FFR)、日本的东京同业拆借利Tibor)、欧盟的欧元银行同业拆借利Euribor)等；以回购利率为基准利率的国家有德国(1WW回购利率)、法1W回购利率)、西班牙(10D回购利率)。在中国，以中国人民银行对国家专业银行和其他金融机构规定的存贷款利率为基准利率。具体而言，一般普通民众把银行一年定期存款利率作为市场基准利率指标，银行则是把隔夜拆借利率作,融资者;市场化;利率;回购利率;西班牙;国家;基准利率;定期存款利率;水平;中国人民银行
机场滞留者,定义,是由于各种原因滞留在机场国际中转区的人员，他们多由难民、异见人士、身份证明丢失的人等组成，在机场滞留的时间也不等，从几个月至十几年，多数在问题解决后离开，也有人一直不想回家。,身份证明;十几年;滞留;回家;机场
核定征收企业适用所得率标准认定,定性依据,国家税务总局关于印发《企业所得税核定征收办法》（试行）的通知（国税发（2008）30号）第五条税务机关采用下列方法核定征收企业所得税：（一）参照当地同类行业或者类似行业中经营规模和收入水平相近的纳税人的税负水平核定；（二）按照应税收入额或成本费用支出额定率核定；（三）按照耗用的原材料、燃料、动力等推算或测算核定；（四）按照其他合理方法核定。第八条应税所得率按下表规定的幅度标准确定：农林牧渔业：3-10；制造业：5-15；批发和零售贸易业：4-15；交通运输业：7-15；建筑业：8-20；饮食业：8-25；娱乐业：15-30；其他行业：10-30。,企业所得税核定征收办法;国家税务总局;农林牧渔业;成本费用;核定;行业;企业所得税;零售;应税所得率;幅度
核定征收企业适用所得率标准认定,处罚依据,中华人民共和国税收征收管理法(主席令第四十九号)（2013年修正本）（主席令第四十九号）第八十二条税务人员徇私舞弊或者玩忽职守，不征或者少征应征税款，致使国家税收遭受重大损失，构成犯罪的，依法追究刑事责任；尚不构成犯罪的，依法给予行政处分。税务人员滥用职权，故意刁难纳税人、扣缴义务人的，调离税收工作岗位，并依法给予行政处分。税务人员对控告、检举税收违法违纪行为的纳税人、扣缴义务人以及其他检举人进行打击报复的，依法给予行政处分；构成犯罪的，依法追究刑事责任。税务人员违反法律、行政法规的规定，故意高估或者低估农业税计税产量，致使多征或者少征税款，侵犯农民合法权益或者损害国家利益，构成犯罪的，依法追究刑事责任；尚不构成犯罪的，依法给予行政处分。,中华人民共和国税收征收管理法;纳税人;合法权益;税务人员;刑事责任;税收;构成犯罪;义务人;第四十九;扣缴
减免税管理,处罚依据,1.《中华人民共和国税收征收管理法实施细则》第九十六条“纳税人、扣缴义务人有下列情形之一的，依照税收征管法第七十条的规定处罚：（一）提供虚假资料，不如实反映情况，或者拒绝提供有关资料的；……”2.《中华人民共和国税收征收管理法》第七十条“纳税人、扣缴义务人逃避、拒绝或者以其他方式阻挠税务机关检查的，由税务机关责令改正，可以处一万元以下的罚款；情节严重的，处一万元以上五万元以下的罚款。”,税务机关;第七十条;义务人;中华人民共和国税收征收管理法实施细则;中华人民共和国税收征收管理法
政府性基金预算编制不完整审计,定性依据,（一）《中华人民共和国预算法》第四条预算由预算收入和预算支出组成。政府的全部收入和支出都应当纳入预算。第五条预算包括一般公共预算、政府性基金预算、国有资本经营预算、社会保险基金预算。一般公共预算、政府性基金预算、国有资本经营预算、社会保险基金预算应当保持完整、独立。政府性基金预算、国有资本经营预算、社会保险基金预算应当与一般公共预算相衔接。第九条政府性基金预算是对依照法律、行政法规的规定在一定期限内向特定对象征收、收取或者以其他方式筹集的资金，专项用于特定公共事业发展的收支预算。政府性基金预算应当根据基金项目收入情况和实际支出需要，按基金项目编制，做到以收定支。第三十六条各级政府、各部门、各单位应当依照本法规定，将所有政府收入全部列入预算，不得隐瞒、少列。（二）《财政部关于进一步加强地方政府性基金预算管理的意见》（财预〔2009〕376号）“二、深化改革，提高基金预算编制的精细化水平地方各级财政部门要对本地区基金项目进行全面清理规范，按照财政部的统一规定，已明确取消和违反审批管理规定越权设立的基金项目要坚决停止征收，应纳入基金预算管理的要全部纳入基金预算编制范围。继续深化部门预算改革，细化基金预算编制，严格按照修订后的基金预算收支科目编制基金预算，全面准确反映各项基金收入来源，清晰反映基金支出总量、结构与方向。建立和完善预算分配机制，严格基金预算编制程序，延长预算编制时间，不断提高预算编制的规范性、准确性。基金收入预算要根据经济形势变化和政策调整情况做出科学、准确的预测，为统筹安排年度支出打好基础；基金支出预算要按照“以收定支、专款专用”的原则合理安排，解决好事业发展需求与收入可能的关系。基本支出预算要如实、准确地反映预算单位机构编制、人员、经费类型等基础数据及变化情况。项目支出预算要细化到项目和具体活动，并对项目进行充分论证，确保项目的科学性、合理性和规范性。合理安排基金收支，不得编制赤字预算。明确基金预算编制各环节工作重点和任务目标，严格按照规定时间完成基金预算编制工作。”,预算编制;财政部关于进一步加强地方政府性基金预算管理的意见;中华人民共和国预算法;基金项目;基金;合理安排;深化改革;准确性;专款专用;社会保险基金预算;规范性;国有资本经营预算;预算;应当;政府性基金
政府性基金预算编制不完整审计,处罚依据,《财政违法行为处罚处分条例》（中华人民共和国国务院令第427号）“第七条财政预决算的编制部门和预算执行部门及其工作人员有下列违反国家有关预算管理规定的行为之一的，责令改正，追回有关款项，限期调整有关预算科目和预算级次。对单位给予警告或者通报批评。对直接负责的主管人员和其他直接责任人员给予警告、记过或者记大过处分；情节较重的，给予降级处分；情节严重的，给予撤职处分：……（二）违反规定编制、批复预算或者决算；……（七）其他违反国家有关预算管理规定的行为。,中华人民共和国国务院令;财政违法行为处罚处分条例;预算管理;国家有关;第七条
政府性基金预算编制不细化审计,处罚依据,《财政违法行为处罚处分条例》（中华人民共和国国务院令第427号）“第七条财政预决算的编制部门和预算执行部门及其工作人员有下列违反国家有关预算管理规定的行为之一的，责令改正，追回有关款项，限期调整有关预算科目和预算级次。对单位给予警告或者通报批评。对直接负责的主管人员和其他直接责任人员给予警告、记过或者记大过处分；情节较重的，给予降级处分；情节严重的，给予撤职处分：……（二）违反规定编制、批复预算或者决算；……（七）其他违反国家有关预算管理规定的行为。,中华人民共和国国务院令;财政违法行为处罚处分条例;预算管理;国家有关;第七条
政府性基金预算编报不够准确审计,处罚依据,《财政违法行为处罚处分条例》（中华人民共和国国务院令第427号）“第七条财政预决算的编制部门和预算执行部门及其工作人员有下列违反国家有关预算管理规定的行为之一的，责令改正，追回有关款项，限期调整有关预算科目和预算级次。对单位给予警告或者通报批评。对直接负责的主管人员和其他直接责任人员给予警告、记过或者记大过处分；情节较重的，给予降级处分；情节严重的，给予撤职处分：……（二）违反规定编制、批复预算或者决算；……（七）其他违反国家有关预算管理规定的行为。,中华人民共和国国务院令;财政违法行为处罚处分条例;预算管理;国家有关;第七条
未按规定计提政府性基金收入审计,定性依据,（一）《水利建设基金筹集和使用管理办法》（财综〔2011〕2号）“第三条中央水利建设基金的来源：（一）从车辆购置税收入中定额提取。（二）从铁路建设基金、港口建设费收入中提取3%。（三）经国务院批准的其他可用于水利建设基金的资金。第四条地方水利建设基金的来源：（一）从地方收取的政府性基金和行政事业性收费收入中提取3%。应提取水利建设基金的地方政府性基金和行政事业性收费项目包括：车辆通行费、城市基础设施配套费、征地管理费，以及省、自治区、直辖市人民政府确定的政府性基金和行政事业性收费项目。（二）经财政部批准，各省、自治区、直辖市向企事业单位和个体经营者征收的水利建设基金。（三）地方人民政府按规定从中央对地方成品油价格和税费改革转移支付资金中足额安排资金，划入水利建设基金。（四）有重点防洪任务和水资源严重短缺的城市要从征收的城市维护建设税中划出不少于15%的资金，用于城市防洪和水源工程建设。具体比例由省、自治区、直辖市人民政府确定。”（二）《用于农业土地开发的土地出让金收入管理办法》（国发〔2004〕8号）“第六条市（地、州、盟）、县（市、旗）财政部门根据同级国土资源管理部门提供的土地出让面积、城镇土地级别、土地出让平均纯收益征收标准和各省（自治区、直辖市）及计划单列市人民政府规定的土地出让金用于农业土地开发的比例（不低于15%），计算应从土地出让金中划出的农业土地开发资金，并按照专账管理的原则和土地出让金缴交情况，由财政部门在次月5日前办理土地出让金清算时，按级次分别开具缴款书，办理缴库手续，将属于本市（地、州、盟）、县（市、旗）的用于农业土地开发的土地出让金收入（不低于农业土地开发资金的70%部分）缴入同级国库用于农业土地开发的土地出让金收入专账；将属于各省（自治区、直辖市）及计划单列市集中的用于农业土地开发的土地出让金收入（不高于农业土地开发资金30%的部分）按就地缴库方式缴入省国库用于农业土地开发的土地出让金收入专账。第七条各省（自治区、直辖市）及计划单列市人民政府要加强对用于农业土地开发的土地出让金收缴的监督，保证土地出让金专户资金优先足额划入用于农业土地开发的资金专账。”（三）《国务院办公厅关于规范国有土地使用权出让收支管理的通知》（国办发〔2006〕100号）“三、规范土地出让收入使用范围，重点向新农村建设倾斜……为加强土地调控，由财政部门从缴入地方国库的土地出让收入中，划出一定比例资金，用于建立国有土地收益基金，实行分账核算，具体比例由省、自治区、直辖市及计划单列市人民政府确定，并报送财政部和国土资源部备案。国有土地收益基金主要用于土地收购储备。”(四)《财政部关于关于从土地出让收益中计提教育资金有关事项的通知》（财综[2011]62号）“一、统一计提教育资金口径，增设科目单独核算从2011年1月1日起，各省、自治区、直辖市、计划单列市（以下简称各地区）所辖市、县（区），统一按照当年实际缴入地方国库的招标、拍卖、挂牌和协议出让国有土地使用权取得的土地出让收入，扣除当年从地方国库中实际支付的征地和拆迁补偿支出、土地开发支出、计提农业土地开发资金支出、补助被征地农民社会保障支出、保持被征地农民原有生活水平补贴支出、支付破产或改制企业职工安置费支出、支付土地出让业务费、缴纳新增建设用地土地有偿使用费等相关支出项目后，作为计提教育资金的土地出让收益口径，严格按照10%的比例计提教育资金。从土地出让收益中计提的教育资金，作为各地区计算财政性教育经费来源之一，各地区不得由此减少应当由公共财政预算安排的教育经费。为确保各地区及时足额从土地出让收益中计提教育资金，在《2011年政府收支分类科目》中，增设“103014804教育资金收入”科目，反映从土地出让收益中计提的教育资金，并在地方国库中实行分账核算。”（五）《财政部关于保障性安居工程资金使用管理有关问题的通知》（财综[2010]95号）“二、允许土地出让净收益用于发展公共租赁住房为切实解决城市中等偏下收入家庭住房困难，从2010年起，各地在确保完成当年廉租住房保障任务的前提下，可将现行从土地出让净收益中安排不低于10%的廉租住房保障资金，统筹用于发展公共租赁住房，包括购买、新建、改建、租赁公共租赁住房，贷款贴息，向承租公共租赁住房的廉租住房保障家庭发放租赁补贴。从土地出让净收益安排资金用于发展公共租赁住房支出时，填列《政府收支分类科目》212类“城乡社区事务”08款“国有土地使用权出让收入安排的支出”11项“公共租赁住房支出”科目。”（六）《财政部关于从土地出让收益中计提农田水利建设资金有关事项的通知》（财综〔2011〕48号）“一、统一从土地出让收益中计提农田水利建设资金的口径从2011年7月1日起，各省、自治区、直辖市、计划单列市（以下简称各地区）所辖市、县（区），统一按照当年实际缴入地方国库的招标、拍卖、挂牌和协议出让国有土地使用权取得的土地出让收入，扣除当年从地方国库中实际支付的征地和拆迁补偿支出、土地开发支出、计提农业土地开发资金支出、补助被征地农民社会保障支出、保持被征地农民原有生活水平补贴支出、支付破产或改制企业职工安置费支出、支付土地出让业务费、缴纳新增建设用地土地有偿使用费等相关支出项目后，作为计提农田水利建设资金的土地出让收益口径，严格按照10%的比例计提农田水利建设资金。”,农田水利建设;土地出让收入;土地出让收益;用于;征地农民;土地出让金;直辖市;基金;人民政府;农业;土地;财政部关于从土地出让收益中计提农田水利建设资金有关事项的通知;用于农业土地开发的土地出让金收入管理办法;财政部关于关于从土地出让收益中计提教育资金有关事项的通知;水利建设基金筹集和使用管理办法
未按规定计提政府性基金收入审计,处罚依据,《财政违法行为处罚处分条例》（中华人民共和国国务院令第427号）“第四条财政收入执收单位及其工作人员有下列违反国家财政收入上缴规定的行为之一的，责令改正，调整有关会计账目，收缴应当上缴的财政收入，限期退还违法所得。对单位给予警告或者通报批评。对直接负责的主管人员和其他直接责任人员给予记大过处分；情节较重的，给予降级或者撤职处分；情节严重的，给予开除处分：（一）隐瞒应当上缴的财政收入；（二）滞留、截留、挪用应当上缴的财政收入；（三）坐支应当上缴的财政收入；（四）不依照规定的财政收入预算级次、预算科目入库；（五）违反规定退付国库库款或者财政专户资金；（六）其他违反国家财政收入上缴规定的行为。”,中华人民共和国国务院令;财政违法行为处罚处分条例;财政收入;隐瞒应当上缴的财政收入;撤职处分;第四条;会计账目;上缴;国家财政收入;给予
虚假发票套取资金,审计疑点,对某公司2006年1月至2007年6月期间费用支出检查发现，A中心支公司的业务规模与相关费用科目列支情况不匹配，列支金额明显超出公司正常经营。,费用支出;相关费用;支公司;业务规模;列支
虚假发票套取资金,审计方法,对存在疑点的有关发票进行了税务验证，确认了部分发票属于假发票或是购票单位与出票单位名称不一致的事实。经查实，A中心支公司在“营业费用”科目下的“印刷费”、“公杂费”、“车辆费用”、“差旅费”、“会议费”、“电子设备运转费”等6个二级科目中共列支所报账事由与实际事项内容不一致的费用共718，999、70元，上述科目本期间共列支金额为2，048，689、49元，报账事由与实际事项内容不一致的费用占该期间6个科目所列支金额35、10%。,车辆费用;营业费用;发票;列支;单位名称
一人多次开户审计,定性依据,法规名称：《住房公积金管理条例》发文文号：（2002年3月24日中华人民共和国国务院令第350号）法规条目：第十三条住房公积金管理中心应当在受委托银行设立住房公积金专户。单位应当到住房公积金管理中心办理住房公积金缴存登记，经住房公积金管理中心审核后，到受委托银行为本单位职工办理住房公积金账户设立手续。每个职工只能有一个住房公积金账户。住房公积金管理中心应当建立职工住房公积金明细帐，记载职工个人住房公积金的缴存、提取等情况。第十四条新设立的单位应当自设立之日起30日内到住房公积金管理中心办理住房公积金缴存登记，并自登记之日起20日内持住房公积金管理中心的审核文件，到受委托银行为本单位职工办理住房公积金账户设立手续。单位合并、分立、撤销、解散或者破产的，应当自发生上述情况之日起30日内由原单位或者清算组织到住房公积金管理中心办理变更登记或者注销登记，并自办妥变更登记或者注销登记之日起20日内持住房公积金管理中心的审核文件，到受委托银行为本单位职工办理住房公积金账户转移或者封存手续。第十五条单位录用职工的，应当自录用之日起30日内到住房公积金管理中心办理缴存登记，并持住房公积金管理中心的审核文件，到受委托银行办理职工住房公积金账户的设立或者转移手续。单位与职工终止劳动关系的，单位应当自劳动关系终止之日起30日内到住房公积金管理中心办理变更登记，并持住房公积金管理中心的审核文件，到受委托银行办理职工住房公积金账户转移或者或者封存手续。,住房公积金专户;住房公积金管理条例;第十三条;法规条目;法规名称;职工住房公积金;劳动关系;发文文号;办理;变更登记;单位;之日起;住房公积金管理;住房公积金;职工住房公积金账户转移
多头开设资金账户审计,审计方法,"具体审计步骤：一、一个资金账号对应多个股东账户。从客户基本信息表中制作出一张包含“ZJZH”和“GDDM”两个字段的“资金股东对应表”。供参考的类SQL描述有：select[zjzh],[gddm]into资金股东对应表from[业务_客户基本信息表]二、一个资金账号对应多个股东账户。从“资金股东对应表”中生成一个按照“zjzh”字段进行分组同时计算对应“zjzh”的股东数的“资金股东对应数”中间表从“资金股东对应表”(运用AO软件中“审计分析—数据分析—执行SQL到分组表—添加表”功能，将新增的表添加进用户自定义项)中生成一个按照“zjzh”字段进行分组同时计算对应“zjzh”的股东数的“资金股东对应数”中间表。供参考的类SQL描述有：selectDISTINCT[zjzh],count([gddm])as股东数into资金股东对应数from[资金股东对应表]groupby[zjzh]",数据分析;资金账号;信息表;股东账户;select;selectDISTINCT;对应;资金;表添;客户
固定资产审计,处罚依据,1.《中华人民共和国会计法》第四十二条“违反本法规定，有下列行为之一的，由县级以上人民政府财政部门责令限期改正，可以对单位并处三千元以上五万元以下的罚款；对其直接负责的主管人员和其他直接责任人员，可以处二千元以上二万元以下的罚款；属于国家工作人员的，还应当由其所在单位或者有关单位依法给予行政处分：．．．．．．；三、未按照规定填制、取得原始凭证或者填制、取得的原始凭证不符合规定的行为。四、以未经审核的会计凭证为依据登记会计账簿或者登记会计账簿不符合规定的行为。（五）随意变更会计处理方法的；．．．．．．。有前款所列行为之一，构成犯罪的，依法追究刑事责任。会计人员有第一款所列行为之一，情节严重的，由县级以上人民政府财政部门吊销会计从业资格证书。有关法律对第一款所列行为的处罚另有规定的，依照有关法律的规定办理。”2.《中华人民共和国刑法》第二百零一条“纳税人采取欺骗、隐瞒手段进行虚假纳税申报或者不申报，逃避缴纳税款数额较大并且占应纳税额百分之十以上的，处三年以下有期徒刑或者拘役，并处罚金；数额巨大并且占应纳税额百分之三十以上的，处三年以上七年以下有期徒刑，并处罚金。扣缴义务人采取前款所列手段，不缴或者少缴已扣、已收税款，数额较大的，依照前款的规定处罚。对多次实施前两款行为，未经处理的，按照累计数额计算。有第一款行为，经税务机关依法下达追缴通知后，补缴应纳税款，缴纳滞纳金，已受行政处罚的，不予追究刑事责任；但是，五年内因逃避缴纳税款受过刑事处罚或者被税务机关给予二次以上行政处罚的除外。”3.《中华人民共和国刑法》第三百八十二条“国家工作人员利用职务上的便利，侵吞、窃取、骗取或者以其他手段非法占有公共财物的，是贪污罪。受国家机关、国有公司、企业、事业单位、人民团体委托管理、经营国有财产的人员，利用职务上的便利，侵吞、窃取、骗取或者以其他手段非法占有国有财物的，以贪污论。”,国家工作人员;财政部门;中华人民共和国会计法;第四十二条;规定;会计账簿;依法;符合规定;人民政府;中华人民共和国刑法;会计从业资格证书;采取;有关;逃避;会计处理方法
不征税收入合规性,定性依据,财政部国家税务总局《关于专项用途财政性资金企业所得税处理问题的通知》（财税〔2011〕70号）第一条企业从县级以上各级人民政府财政部门及其他部门取得的应计入收入总额的财政性资金，凡同时符合以下条件的，可以作为不征税收入，在计算应纳税所得额时从收入总额中减除：……（三）企业对该资金以及以该资金发生的支出单独进行核算。第二条根据实施条例第二十八条的规定，上述不征税收入用于支出所形成的费用，不得在计算应纳税所得额时扣除；用于支出所形成的资产，其计算的折旧、摊销不得在计算应纳税所得额时扣除。,关于专项用途财政性资金企业所得税处理问题的通知;财政部;支出;应纳税所得额;形成
不征税收入合规性,处罚依据,中华人民共和国税收征收管理法(主席令第四十九号)（2013年修正本）第六十四条纳税人、扣缴义务人编造虚假计税依据的，由税务机关责令限期改正，并处五万元以下的罚款。纳税人不进行纳税申报，不缴或者少缴应纳税款的，由税务机关追缴其不缴或者少缴的税款、滞纳金，并处不缴或者少缴的税款百分之五十以上五倍以下的罚款。,税务机关;中华人民共和国税收征收管理法;纳税人;主席令;扣缴
擅自挪用和处置国际组织贷援款物资审计,定性依据,1．财政部《国际金融组织和外国政府贷款赠款管理办法》（2006年财政部第38号令）“第二十八条贷款资金的使用应当符合贷款法律文件的规定，……不得以任何理由和形式滞留、截留、挪用贷款资金或者擅自改变贷款资金用途。”“第四十九条赠款资金的使用应当符合赠款法律文件的规定，……不得以任何理由和形式滞留、截留、挪用赠款资金或者擅自改变赠款资金用途。”2．财政部《外国政府贷款管理规定》（财金〔2008〕176号）“第十一条项目单位履行下列职责：……按照可行性研究报告要求落实有关工作，包括落实项目配套资金、保证贷款采购设备物资的有效使用、按照工程进度完成项目实施等；……。”“第三十二条项目单位不得擅自处置贷款采购的设备物资。确需处置长期闲置设备物资的，项目单位应当履行内部决策程序，按国家有关规定进行处置，并及时将处置结果报省级财政部门备案。”3．《世界银行贷款项目采购管理暂行规定》（财世司字〔1996〕167号）“第八条纪律……项目采购物资、设备只能用于本项目、不得擅自转让、变卖或串换。”4．财政部《国际金融组织贷款赠款项目财务管理暂行办法》（财际〔2011〕10号）“第三十二条进口的物资设备原则上不得转让出售。确有多余的，应逐级上财政部，统一商国际金融组织后进行处理，并按有关程序补报关税。”“第三十六条项目资产的转移、出售、抵押、置换以及报废清理，应当按照国家有关规定和项目单位财务管理制度的权限和程序进行。”5．财政部《外国政府贷款管理规定》（财金〔2008〕176号）“第三十二条项目单位不得擅自处置贷款采购的设备物资。确需处置长期闲置设备物资的，项目单位应当履行内部决策程序，按国家有关规定进行处置，并及时将处置结果报省级财政部门备案。影响到项目正常建设和实施的，及时报告财政部。”,国际金融组织和外国政府贷款赠款管理办法;世界银行贷款项目采购管理暂行规定;外国政府贷款管理规定;处置;第三十二条;项目;项目单位;国际金融组织贷款赠款项目财务管理暂行办法;法律文件;擅自改变;设备物资;进行;不得;任何理由;财政部门
擅自挪用和处置国际组织贷援款物资审计,处罚依据,注：本词条中的处理处罚依据，部分条款明文规定的执法主体不是审计机关，审计机关不能据此直接作出处理处罚决定，应移交给有关部门进行处理处罚，但可作为对审计查出问题进行定性和处理处罚的参考。1．《财政违法行为处罚处分条例》“第十二条国家机关及其工作人员有下列行为之一的，责令改正，调整有关会计账目，追回被挪用、骗取的有关资金，没收违法所得。对单位给予警告或者通报批评。对直接负责的主管人员和其他直接责任人员给予降级处分；情节较重的，给予撤职处分；情节严重的，给予开除处分：……（四）其他违反规定使用、骗取政府承贷或者担保的外国政府贷款、国际金融组织贷款的行为。”“第十四条企业和个人有下列行为之一的，责令改正，调整有关会计账目，追回违反规定使用、骗取的有关资金，给予警告，没收违法所得，并处被骗取有关资金10%以上50%以下的罚款或者被违规使用有关资金10%以上30%以下的罚款；对直接负责的主管人员和其他直接责任人员处3000元以上5万元以下的罚款：……（三）从无偿使用的财政资金以及政府承贷或者担保的外国政府贷款、国际金融组织贷款中非法获益；（四）其他违反规定使用、骗取财政资金以及政府承贷或者担保的外国政府贷款、国际金融组织贷款的行为。……”2．财政部《外国政府贷款管理规定》（财金〔2008〕176号）“第四十九条项目单位未按本规定第十一条履行相应职责，财政部可予以批评、暂停贷款资金的提取和支付、加速未到期贷款债务的偿还、追回已支付资金及其形成的资产、收取资金占用费或者违约金、停止安排贷款，并建议行业主管部门或地方政府依法处理。”3．没有其他更合适的法规可作为处理处罚依据时，上述定性法规依据同时也可作为处理依据。,财政违法行为处罚处分条例;外国政府贷款管理规定;第十二条;撤职处分;通报批评;处罚依据;没收违法所得;国际金融组织贷款;资金;有关;给予;外国政府贷款;处理;处罚;使用
城镇企业职工基本医疗保险未及时参保登记的审计,处罚依据,法规名称1：《社会保险费征缴暂行条例》发文字号：国务院令第259号。法规条目：第二十三条缴费单位未按照规定办理社会保险登记、变更登记或者注销登记，或者未按照规定申报应缴纳的社会保险费数额的，由劳动保障行政部门责令限期改正；情节严重的，对直接负责的主管人员和其他直接责任人员可以处1000元以上5000元以下的罚款；情节特别严重的，对直接负责的主管人员和其他直接责任人员可以处5000元以上10000元以下的罚款。法规名称2：《社会保险法》发文字号：中华人民共和国主席令第三十五号。法规条目：第八十六条用人单位未按时足额缴纳社会保险费的，由社会保险费征收机构责令限期缴纳或者补足，并自欠缴之日起，按日加收万分之五的滞纳金；逾期仍不缴纳的，由有关行政部门处欠缴数额一倍以上三倍以下的罚款。,社会保险费;社会保险费征缴暂行条例;社会保险法;行政部门;国务院令;责令;法规条目;缴纳;限期;中华人民共和国主席令
施工图设计未经审查或审查不合格擅自施工审计处理,定性依据,（一）《建设工程质量管理条例》“第十一条建设单位应当将施工图设计文件报县级以上人民政府建设行政主管部门或者其他有关部门审查。施工图设计文件未经审查批准的，不得使用。”（二）原建设部《房屋建筑和市政基础设施工程施工图设计文件审查管理办法》（2004年建设部第134号令）“第三条国家实施施工图设计文件（含勘察文件，以下简称施工图）审查制度。本办法所称施工图审查，是指建设主管部门认定的施工图审查机构（以下简称审查机构）按照有关法律、法规，对施工图涉及公共利益、公众安全和工程建设强制性标准的内容进行的审查。施工图未经审查合格的，不得使用。”三、处理处罚依据《建设工程质量管理条例》“第五十六条违反本条例规定，对建设单位有下列行为之一的，责令改正，处20万元以上50万元以下的罚款：……（四）施工图设计文件未经审查或者审查不合格，擅自施工的；……”四、参考文献[1]《建设工程质量管理条例》[2]原建设部《房屋建筑和市政基础设施工程施工图设计文件审查管理办法》（2004年建设部第134号令）,主管部门;施工图;房屋建筑和市政基础设施工程施工图设计文件审查管理办法;审查;施工图设计文件;万元以上;参考文献;建设工程质量管理条例;建设单位;第十一条
勘察、设计单位未执行相关标准和要求审计处理,定性依据,（一）《建设工程勘察设计管理条例》“第五条第二款：建设工程勘察、设计单位必须依法进行建设工程勘察、设计，严格执行工程建设强制性标准，并对建设工程勘察、设计的质量负责。”“第二十六条：编制建设工程勘察文件，应当真实、准确，满足建设工程规划、选址、设计、岩土治理和施工的需要。”“第二十七条第一款：设计文件中选用的材料、构配件、设备，应当注明其规格、型号、性能等技术指标，其质量要求必须符合国家规定的标准。”（二）《建设工程质量管理条例》“第十九条勘察、设计单位必须按照工程建设强制性标准进行勘察、设计，并对其勘察、设计的质量负责。注册建筑师、注册结构工程师等注册执业人员应当在设计文件上签字，对设计文件负责。第二十条：勘察单位提供的地质、测量、水文等勘察成果必须真实、准确。第二十一条：设计单位应当根据勘察成果文件进行建设工程设计。设计文件应当符合国家规定的设计深度要求，注明工程合理使用年限。第二十二条第一款：设计单位在设计文件中选用的建筑材料、建筑构配件和设备，应当注明规格、型号、性能等技术指标，其质量要求必须符合国家规定的标准。”,建设工程;设计;设计文件;工程建设;勘察;应当;强制性;第一款;质量要求;建设工程质量管理条例
建设单位违规要求设计或者施工单位降低强制性建设标准审计处理,定性依据,（一）《建设工程质量管理条例》“第十条建设工程发包单位不得迫使承包方以低于成本的价格竞标。建设单位不得明示或者暗示设计单位或者施工单位违反工程建设强制性标准，降低建设工程质量。（二）《中华人民共和国建筑法》“第五十四条建设单位不得以任何理由，要求建筑设计单位或者建筑施工企业在工程设计或者施工作业中，违反法律、行政法规和建筑工程质量、安全标准，降低工程质量。建筑设计单位和建筑施工企业对建设单位违反前款规定提出的降低工程质量的要求，应当予以拒绝。”,建设工程质量管理条例;中华人民共和国建筑法;降低;违反;单位
施工单位违规多计工程价款审计处理,定性依据,（一）《建设工程价款结算暂行办法》（财建〔2004〕369号）“第十三条工程进度款结算与支付应当符合下列规定：（二）工程量计算3、对承包人超出设计图纸（含设计变更）范围和因承包人原因造成返工的工程量，发包人不予计量。”（二）合同、招投标文件、图纸、定额等。（三）各地有关规定。,第十三条;建设工程价款结算暂行办法;设计图纸;工程量;承包人
竣工验收后未按规定时间向城乡规划主管部门报送有关竣工验收资料审计处理,定性依据,《中华人民共和国城乡规划法》“第四十五条……建设单位应当在竣工验收后六个月内向城乡规划主管部门报送有关竣工验收资料。”,主管部门;验收资料;建设单位;六个月;中华人民共和国城乡规划法
隐匿结余资金审计处理,定性依据,《基本建设财务管理规定》（财建〔2002〕394号）“第十四条建设项目在编制竣工财务决算前要认真清理结余资金。应变价处理的库存设备、材料以及应处理的自用固定资产要公开变价处理，应收、应付款项要及时清理，清理出来的结余资金按下列情况进行财务处理:经营性项目的结余资金，相应转入生产经营企业的有关资产。非经营性项目的结余资金，首先用于归还项目贷款。如有结余，30%作为建设单位留成收入，主要用于项目配套设施建设、职工奖励和工程质量奖，70%按投资来源比例归还投资方。”“第十五条项目建设单位应当将应交财政的竣工结余资金在竣工财务决算批复后30日内上交财政。”,基本建设财务管理规定;第十四条;建设单位;财务决算;结余资金;库存设备;应付款项;经营性;非经营性;竣工
超过实际完成产值申请工程进度款,常见错弊,某集团公司拟建办公楼，建筑面积52108平方米，地下2层，地上20层，结构形式为钢筋砼框架结构，基础类型为筏板基础。室外装修主要以干挂石材为主，局部采用玻璃幕墙。室内装修主要为室内地面铺大理石、墙面贴壁纸及刷涂料、轻钢龙骨石膏板造型吊顶。2010年10月，该工程通过公开招标确定了施工总承包单位，签订了固定单价合同，双方在合同中就工程进度款的支付比例、支付时间及计价方式等进行了相关约定。跟踪审计人员在审计中发现以下问题：1.超过实际完成工程量申报工程产值，多申请工程进度款。施工总承包单位当月完成的玻璃幕墙工程量为2370平方米，该玻璃幕墙的综合单价为1230元/平方米，按照合同约定，当月申报的工程产值应该为291.51万元。而审核中发现，施工总承包单位以当月进场验收的玻璃幕墙面积3185平方米申报工程产值，多申报工程进度款100.25万元。2.暂估价材料单价高于施工同期市场采购价未经审核确认，多申请工程进度款。当月施工的室外墙面干挂石材为暂估价材料，根据合同约定，暂估价材料的价格、质量、规格型号必须经发包人代表和监理工程师共同认可，按确认后的价格以及当月实际完成工程量申请工程进度款。但审核中发现，当月完成施工的干挂石材墙面为1462平方米，以暂估价计入的该干挂石材综合单价为1180元/平方米，而经审核后认定该干挂石材的综合单价为956元/平方米，由此施工总承包单位多申请工程进度款32.75万元。,办公楼;石膏板;公开招标;集团公司;规格型号;承包单位;玻璃幕墙;大理石;跟踪审计;结构形式;框架结构;建筑面积;施工;工程量;工程进度款
变更增加的措施费用计算不合理,常见错弊,某集团厂房扩建工程，3层框架结构，独立基础，檐口高度14.5米，建筑面积9987平方米，资金来源为企业自筹。该项目于2009年12月立项，2010年2月完成勘察，2010年4月施工图设计完成后，5月委托某招标代理公司通过公开招标，确定了施工单位。2010年6月签订了施工合同，合同金额1267万元，合同工期为2010年6月至2011年5月。该工程基础施工过程中，开挖基坑时发现地质情况与招标文件中提供的地勘资料差别较大，接近基底处有大量地下水涌出，根据现场监理工程师及业主代表的要求，施工单位随即采用了四台50KW的抽水机同时抽取基坑内地下水的措施，保证了基础工程得以顺利进行。同时，施工单位申报了增加的施工排水、施工降水等措施费用。造价工程师在审核中发现，施工排水、降水措施费用是按照20000元/天×19天=380000元申报的，而套用该省消耗量定额（2006年）的相应子目计算的费用为255047元，相差124953元。跟踪审计人员在现场审核该变更时，首先对招投标文件以及招投标双方的清单文件进行了仔细研究，发现原招标文件未说明有地下水的地质情况，投标报价中也未计算施工排水、降水等措施费用。开挖基坑时发现有大量地下水，导致增加排水设施，发生了措施费用。根据《建设工程工程量清单计价规范》的规定，因分部分项工程量清单漏项或非承包人原因的工程变更，引起措施项目发生变化，造成施工组织设计或施工方案变更，原措施费中已有的措施项目，按原有措施费的组价方法调整；原措施费中没有的措施项目，由承包人根据措施项目变更情况，提出适当的措施费变更，经发包人确认后调整。工程应增加施工排水、降水措施费。而施工单位按天申报增加的施工排水、降水措施费，与套用相应定额比较，计算不合理。,扩建工程;公开招标;合同金额;施工单位;措施;招标文件;工程量清单;框架结构;资金来源;建筑面积;平方米;排水;地下水;施工;施工图设计
未按规定处理结余资金,定性依据,财政部《基本建设财务管理规定》（财建〔2002〕394号）“第十四条建设项目在编制竣工财务决算前要认真清理结余资金。应变价处理的库存设备、材料以及应处理的自用固定资产要公开变价处理，应收、应付款项要及时清理，清理出来的结余资金按下列情况进行财务处理:经营性项目的结余资金，相应转入生产经营企业的有关资产。非经营性项目的结余资金，首先用于归还项目贷款。如有结余，30%作为建设单位留成收入，主要用于项目配套设施建设、职工奖励和工程质量奖，70%按投资来源比例归还投资方。第十五条项目建设单位应当将应交财政的竣工结余资金在竣工财务决算批复后30日内上交财政。”,第十四条;基本建设财务管理规定;建设单位;财务决算;结余资金;库存设备;应付款项;经营性;竣工;处理
